{"cameraMode":{"drawMode":0,"name":"Shaded","section":"Shading Mode"},"sceneLighting":false,"audioPlay":false,"sceneViewState":{"showFog":true,"showMaterialUpdate":false,"showSkybox":true,"showFlares":true,"showImageEffects":true,"showParticleSystems":true},"in2DMode":false,"pivot":{"x":4.442877769470215,"y":2.3999905586242677,"z":0.24473810195922852},"rotation":{"x":0.22511056065559388,"y":0.4326923191547394,"z":-0.11251384019851685,"w":0.8657039403915405},"size":4.850525856018066,"orthographic":false}